{
  "interpretation": "Set size 1 is a decisive singleton prediction; set size 2 is an abstention-like ambiguous prediction set. Empty sets are reported if they occur. Mechanism-band Mondrian calibration uses bands from the non-refitted margin coordinate (SPT log(CSR/CRR), CPT log(1+LPI)) after train-only logistic calibration.",
  "datasets": {
    "SPT_Cetin2018": {
      "n": 208,
      "n_groups": 27,
      "alpha": {
        "0.05": {
          "target_coverage": 0.95,
          "plain": {
            "coverage": 0.960720540405304,
            "mean_set_size": 1.7280460345258943,
            "singleton_rate": 0.27195396547410555,
            "two_label_rate": 0.7280460345258944,
            "empty_rate": 0.0,
            "n_predictions": 3997
          },
          "mechanism_band": {
            "coverage": 0.9419564673505129,
            "mean_set_size": 1.6637478108581436,
            "singleton_rate": 0.31623717788341255,
            "two_label_rate": 0.6737553164873655,
            "empty_rate": 0.010007505629221916,
            "n_predictions": 3997
          },
          "mechanism_band_by_band": {
            "0": {
              "coverage": 0.8864229765013055,
              "mean_set_size": 1.5992167101827677,
              "singleton_rate": 0.3224543080939948,
              "two_label_rate": 0.6383812010443864,
              "empty_rate": 0.0391644908616188,
              "n_predictions": 766
            },
            "1": {
              "coverage": 0.9541284403669725,
              "mean_set_size": 1.8325688073394495,
              "singleton_rate": 0.16743119266055045,
              "two_label_rate": 0.8325688073394495,
              "empty_rate": 0.0,
              "n_predictions": 1744
            },
            "2": {
              "coverage": 0.9562878278412912,
              "mean_set_size": 1.4989912575655682,
              "singleton_rate": 0.48755884330867516,
              "two_label_rate": 0.5057162071284466,
              "empty_rate": 0.006724949562878279,
              "n_predictions": 1487
            }
          },
          "per_event_mechanism_band": {
            "n_event_evals": 362,
            "mean": 0.9424131807419102,
            "p10": 0.717857142857143,
            "min": 0.5,
            "frac_below_target": 0.27071823204419887
          }
        },
        "0.10": {
          "target_coverage": 0.9,
          "plain": {
            "coverage": 0.9282214600685939,
            "mean_set_size": 1.5560999510044096,
            "singleton_rate": 0.4439000489955904,
            "two_label_rate": 0.5560999510044096,
            "empty_rate": 0.0,
            "n_predictions": 4082
          },
          "mechanism_band": {
            "coverage": 0.925281724644782,
            "mean_set_size": 1.5352768250857423,
            "singleton_rate": 0.45198432141107303,
            "two_label_rate": 0.5416462518373346,
            "empty_rate": 0.006369426751592357,
            "n_predictions": 4082
          },
          "mechanism_band_by_band": {
            "0": {
              "coverage": 0.9230769230769231,
              "mean_set_size": 1.5824175824175823,
              "singleton_rate": 0.398046398046398,
              "two_label_rate": 0.5921855921855922,
              "empty_rate": 0.009768009768009768,
              "n_predictions": 819
            },
            "1": {
              "coverage": 0.9268558951965066,
              "mean_set_size": 1.6959606986899562,
              "singleton_rate": 0.30403930131004364,
              "two_label_rate": 0.6959606986899564,
              "empty_rate": 0.0,
              "n_predictions": 1832
            },
            "2": {
              "coverage": 0.9245283018867925,
              "mean_set_size": 1.302585604472397,
              "singleton_rate": 0.6722571628232006,
              "two_label_rate": 0.31516422082459816,
              "empty_rate": 0.012578616352201259,
              "n_predictions": 1431
            }
          },
          "per_event_mechanism_band": {
            "n_event_evals": 349,
            "mean": 0.9203029062627918,
            "p10": 0.6666666666666666,
            "min": 0.3333333333333333,
            "frac_below_target": 0.2664756446991404
          }
        },
        "0.20": {
          "target_coverage": 0.8,
          "plain": {
            "coverage": 0.8296413502109705,
            "mean_set_size": 1.3011603375527425,
            "singleton_rate": 0.6935654008438819,
            "two_label_rate": 0.3037974683544304,
            "empty_rate": 0.0026371308016877636,
            "n_predictions": 3792
          },
          "mechanism_band": {
            "coverage": 0.8383438818565401,
            "mean_set_size": 1.3196202531645569,
            "singleton_rate": 0.6381856540084389,
            "two_label_rate": 0.3407172995780591,
            "empty_rate": 0.02109704641350211,
            "n_predictions": 3792
          },
          "mechanism_band_by_band": {
            "0": {
              "coverage": 0.8447802197802198,
              "mean_set_size": 1.2953296703296704,
              "singleton_rate": 0.6634615384615384,
              "two_label_rate": 0.3159340659340659,
              "empty_rate": 0.020604395604395604,
              "n_predictions": 728
            },
            "1": {
              "coverage": 0.8308457711442786,
              "mean_set_size": 1.441680486456606,
              "singleton_rate": 0.5472636815920398,
              "two_label_rate": 0.44720840243228305,
              "empty_rate": 0.00552791597567717,
              "n_predictions": 1809
            },
            "2": {
              "coverage": 0.8454183266932271,
              "mean_set_size": 1.1577689243027889,
              "singleton_rate": 0.754581673306773,
              "two_label_rate": 0.20159362549800797,
              "empty_rate": 0.043824701195219126,
              "n_predictions": 1255
            }
          },
          "per_event_mechanism_band": {
            "n_event_evals": 352,
            "mean": 0.821279761904762,
            "p10": 0.625,
            "min": 0.0,
            "frac_below_target": 0.3778409090909091
          }
        }
      }
    },
    "CPT_Geyin2021": {
      "n": 275,
      "n_groups": 21,
      "alpha": {
        "0.05": {
          "target_coverage": 0.95,
          "plain": {
            "coverage": 0.9557386472504311,
            "mean_set_size": 1.8578271699559303,
            "singleton_rate": 0.14217283004406975,
            "two_label_rate": 0.8578271699559302,
            "empty_rate": 0.0,
            "n_predictions": 5219
          },
          "mechanism_band": {
            "coverage": 0.9317876987928722,
            "mean_set_size": 1.8055182985246216,
            "singleton_rate": 0.18758382831960146,
            "two_label_rate": 0.80896723510251,
            "empty_rate": 0.0034489365778884846,
            "n_predictions": 5219
          },
          "mechanism_band_by_band": {
            "0": {
              "coverage": 0.906610703043022,
              "mean_set_size": 1.6558237145855195,
              "singleton_rate": 0.3210912906610703,
              "two_label_rate": 0.6673662119622246,
              "empty_rate": 0.011542497376705142,
              "n_predictions": 953
            },
            "1": {
              "coverage": 0.9193457416807671,
              "mean_set_size": 1.871404399323181,
              "singleton_rate": 0.12859560067681894,
              "two_label_rate": 0.871404399323181,
              "empty_rate": 0.0,
              "n_predictions": 1773
            },
            "2": {
              "coverage": 0.9502607300441236,
              "mean_set_size": 1.815884476534296,
              "singleton_rate": 0.1784997994384276,
              "two_label_rate": 0.8186923385479342,
              "empty_rate": 0.002807862013638187,
              "n_predictions": 2493
            }
          },