{
  "n": 411,
  "n_events": 35,
  "margin_zero_shot": {
    "auc": 0.9188771496009891,
    "nll": 0.3328421351301594
  },
  "margin_only_logistic": {
    "auc": 0.9123018995166909,
    "nll": 0.3158850655858547
  },
  "full_logistic": {
    "auc": 0.8599808924356525,
    "nll": 0.40839382088377324
  },
  "random_forest": {
    "auc": 0.865235472631224,
    "nll": 0.3863336893368582
  },
  "hgb": {
    "auc": 0.8444700460829493,
    "nll": 0.5432500383821021
  },
  "hgb_monotonic": {
    "auc": 0.8614139597617174,
    "nll": 0.4637557777757514
  },
  "fusion_hgb": {
    "auc": 0.8836686523547262,
    "nll": 0.45300191174985893
  },
  "best_nonmargin": "fusion_hgb",
  "paired_vs_margin": {
    "d_auc": -0.02943687273019807,
    "d_auc_ci": [
      -0.06120866522795197,
      -0.001513674094456206
    ],
    "d_nll": -0.1309178830623764,
    "d_nll_ci": [
      -0.32723565447922326,
      -0.01834632341538837
    ],
    "n_boot_effective": 2000
  },
  "practical_gain_excluded": true,
  "random_split_hgb_auc_median": 0.9138614139597617,
  "random_minus_grouped_optimism": 0.06939136787681244
}