{
  "moss_n_tierA": 65,
  "moss_n_events_tierA": 8,
  "reject_note": "Rejected: Kobe Port/Rokko park-name non-matches, Wufeng/Nantou town-level letters, Goddard/Larter ranches and 523-SIL levee (no Moss counterpart), Tangshan district-level, school-vs-park name mismatches.",
  "moss_tierA": {
    "n": 65,
    "n_events": 8,
    "pen_only": {
      "auc": 0.8181818181818182,
      "nll": 0.47965565716622743
    },
    "pen_plus_vs": {
      "auc": 0.8436363636363636,
      "nll": 0.4603971271936292
    },
    "paired_overall": {
      "d_auc": 0.006944444444444531,
      "d_auc_ci": [
        -0.0032612827424148114,
        0.06584334415584409
      ],
      "d_nll": 0.022041203994123876,
      "d_nll_ci": [
        -0.03698552028293121,
        0.13812306025265678
      ],
      "n_boot_effective": 1992
    },
    "n_inband": 6,
    "H1_supported": null
  },
  "moss_tierAB": {
    "n": 76,
    "n_events": 10,
    "pen_only": {
      "auc": 0.7890624999999999,
      "nll": 0.4392773599737617
    },
    "pen_plus_vs": {
      "auc": 0.82421875,
      "nll": 0.45087998368012877
    },
    "paired_overall": {
      "d_auc": 0.013392857142857206,
      "d_auc_ci": [
        -0.010442872117400382,
        0.09999999999999995
      ],
      "d_nll": -0.008866173371276043,
      "d_nll_ci": [
        -0.06512070608394191,
        0.09981252434879828
      ],
      "n_boot_effective": 1985
    },
    "n_inband": 10,
    "H1_supported": null
  },
  "pooled_tierA": {
    "n": 133,
    "n_events": 23,
    "pen_only": {
      "auc": 0.8576850094876661,
      "nll": 0.378830280767709
    },
    "pen_plus_vs": {
      "auc": 0.8785578747628084,
      "nll": 0.36353135828507727
    },
    "paired_overall": {
      "d_auc": 0.020536940102157508,
      "d_auc_ci": [
        -0.06638566608818058,
        0.10625289585012092
      ],
      "d_nll": 0.01725993083207003,
      "d_nll_ci": [
        -0.04161257241425222,
        0.10499292418716197
      ],
      "n_boot_effective": 2000
    },
    "n_inband": 25,
    "paired_inband": {
      "d_auc": 0.3516483516483516,
      "d_auc_ci": [
        0.0,
        0.738095238095238
      ],
      "d_nll": 0.1312518185862187,
      "d_nll_ci": [
        0.07941967833426718,
        0.1737495868286675
      ],
      "n_boot_effective": 1998
    },
    "inband_pen_only": {
      "auc": 0.49358974358974356,
      "nll": 0.6744009136348796
    },
    "inband_pen_plus_vs": {
      "auc": 0.8717948717948718,
      "nll": 0.5436948315941268
    },
    "H1_supported": true,
    "resolved_fraction": 0.36
  },
  "spt_label_agreement": 0.8382352941176471,
  "spt_posthoc_agreement_only": {
    "n": 57,
    "n_inband": 22,
    "paired_inband": {
      "d_auc": 0.1391559829059829,
      "d_auc_ci": [
        0.0,
        0.5615050021748585
      ],
      "d_nll": 0.271853467781837,
      "d_nll_ci": [
        0.11012923645834813,
        0.39057551585046224
      ],
      "n_boot_effective": 1994
    }
  },
  "pooled_tierAB_sensitivity": {
    "n": 150,
    "n_inband": 30,
    "paired_inband": {
      "d_auc": 0.03472222222222221,
      "d_auc_ci": [
        -0.20833333333333326,
        0.16177170868347338
      ],
      "d_nll": 0.052149471189641305,
      "d_nll_ci": [
        -0.1371616563384528,
        0.15981927947667807
      ],
      "n_boot_effective": 1999
    },
    "H1_supported": false
  }
}